time/time_elapsed,rollout/ep_rew_mean,time/iterations,rollout/ep_len_mean,time/fps,time/total_timesteps,train/approx_kl,train/learning_rate,train/loss,train/clip_range,train/policy_gradient_loss,train/std,train/explained_variance,train/n_updates,train/entropy_loss,train/value_loss,train/clip_fraction
23,-57.487111,1,1000.0,85,2048,,,,,,,,,,,
62,-54.713784,2,1000.0,65,4096,0.0055035357,0.0003,0.32880330085754395,0.2,-0.0031909403391182424,1.0013601779937744,-0.01931619644165039,10,-4.259860128164291,0.6629470237530768,0.03994140625
100,-55.64556216666667,3,1000.0,61,6144,0.008467532,0.0003,0.07623912394046783,0.2,-0.0083646533312276,0.9971165060997009,0.1956140398979187,20,-4.251728691160679,0.5271230632439255,0.08857421875
134,-57.15187575,4,1000.0,60,8192,0.010153977,0.0003,0.0384548157453537,0.2,-0.00914871763670817,0.9871384501457214,0.1068655252456665,30,-4.232062022387981,0.3716831375844777,0.08916015625
167,-54.947953299999995,5,1000.0,61,10240,0.010385083,0.0003,0.002318143844604492,0.2,-0.011527318220760207,0.9801834225654602,0.1185036301612854,40,-4.206522764265538,0.3234763643005863,0.120556640625
205,-54.31833316666666,6,1000.0,59,12288,0.012858031,0.0003,0.011590301990509033,0.2,-0.013903783027490135,0.9790120720863342,0.2942618131637573,50,-4.194210506975651,0.4027188587933779,0.15654296875
245,-55.314352714285704,7,1000.0,58,14336,0.01893911,0.0003,0.001961730420589447,0.2,-0.022635883621114773,0.9616749882698059,0.21436291933059692,60,-4.1648237854242325,0.2985169329098426,0.21201171875
283,-53.8620696875,8,1000.0,57,16384,0.019887267,0.0003,0.017848588526248932,0.2,-0.021240885442966827,0.9718416333198547,0.14860188961029053,70,-4.152969317138195,0.29240524510387333,0.167919921875
321,-53.932463500000004,9,1000.0,57,18432,0.024855856,0.0003,0.0373256653547287,0.2,-0.027615257262368686,0.9646847248077393,0.4371337890625,80,-4.159620250761509,0.2842318285838701,0.206884765625
356,-52.974764500000006,10,1000.0,57,20480,0.021183353,0.0003,0.030999410897493362,0.2,-0.021769656968535854,0.954600989818573,0.19542783498764038,90,-4.1301922589540485,0.22167777203721925,0.17548828125
391,-54.439953181818176,11,1000.0,57,22528,0.023023713,0.0003,0.01966741681098938,0.2,-0.022451020347943995,0.9464185833930969,0.8089390993118286,100,-4.100833596289158,0.2823956079315394,0.221142578125
425,-55.450950625,12,1000.0,57,24576,0.030409884,0.0003,-0.005969807505607605,0.2,-0.02195359871693654,0.948645293712616,0.7604735493659973,110,-4.091727301478386,0.15179843525984324,0.229443359375
460,-56.35439803846153,13,1000.0,57,26624,0.02072595,0.0003,-5.7268887758255005e-05,0.2,-0.018282990611623973,0.9379462599754333,0.8819541931152344,120,-4.075108928978443,0.1844955496955663,0.24130859375
496,-56.01515089285714,14,1000.0,57,28672,0.026673332,0.0003,0.0020887479186058044,0.2,-0.02201329355884809,0.9317457675933838,0.8653373122215271,130,-4.049152226746083,0.12822022354812362,0.242138671875
534,-56.7417071,15,1000.0,57,30720,0.036939368,0.0003,-0.04411879554390907,0.2,-0.02931026289734291,0.9178609848022461,0.7799974083900452,140,-4.0156793192029,0.16390971590881237,0.235546875
572,-57.40672475,16,1000.0,57,32768,0.021913622,0.0003,0.019761480391025543,0.2,-0.02649369853315875,0.9097170233726501,0.8870782256126404,150,-3.9816096425056458,0.1631525111501105,0.2318359375
610,-57.806858500000004,17,1000.0,57,34816,0.024619533,0.0003,-0.03279716894030571,0.2,-0.02356012486561667,0.9062373638153076,0.8958319425582886,160,-3.9630863040685655,0.14531710529408884,0.237060546875
645,-57.211847999999996,18,1000.0,57,36864,0.030876018,0.0003,-0.04522711783647537,0.2,-0.0303795609404915,0.8995983600616455,0.9120127558708191,170,-3.9447710044682025,0.11734573327703401,0.295166015625
684,-56.353937499999994,19,1000.0,56,38912,0.02879538,0.0003,0.015251651406288147,0.2,-0.029768361907918005,0.8949373364448547,0.864436149597168,180,-3.9241757661104204,0.20119243327062578,0.27314453125
716,-56.868949175,20,1000.0,57,40960,0.036442257,0.0003,-7.402896881103516e-05,0.2,-0.027881325854104945,0.8902037143707275,0.8288601636886597,190,-3.9070593513548375,0.26193413478322325,0.25859375
750,-56.84636860465116,21,1000.0,57,43008,0.028859247,0.0003,0.0004513151943683624,0.2,-0.02825747593087726,0.8881077766418457,0.8707224726676941,200,-3.8990129895508288,0.17947145625948907,0.272216796875
787,-56.79059508888888,22,1000.0,57,45056,0.026844658,0.0003,-0.042737219482660294,0.2,-0.02640972458466422,0.8801190257072449,0.8749005198478699,210,-3.8752242378890513,0.09717674709972926,0.255126953125
823,-56.457186936170196,23,1000.0,57,47104,0.035185494,0.0003,-0.01416756957769394,0.2,-0.02635384455206804,0.8647138476371765,0.8779705166816711,220,-3.8364877328276634,0.1740369712584652,0.26884765625
859,-56.925301612244894,24,1000.0,57,49152,0.022816636,0.0003,0.0638069361448288,0.2,-0.024121063484926708,0.8595166802406311,0.8831889033317566,230,-3.8016507506370543,0.17326782981399447,0.198681640625
895,-57.51492837254902,25,1000.0,57,51200,0.02999021,0.0003,-0.015500437468290329,0.2,-0.026178682656609453,0.8512840867042542,0.9337103962898254,240,-3.775440964102745,0.09849539198621642,0.274169921875
930,-56.96653732075472,26,1000.0,57,53248,0.04049961,0.0003,0.007846420630812645,0.2,-0.024864333818550223,0.8424699902534485,0.9207360148429871,250,-3.746301481127739,0.11544696053024381,0.267138671875
966,-56.84804903636363,27,1000.0,57,55296,0.033624932,0.0003,0.0041458383202552795,0.2,-0.029843229631660508,0.8433002829551697,0.8782243132591248,260,-3.7336858034133913,0.17330285107600502,0.2853515625
1003,-54.588204210526314,28,1000.0,57,57344,0.032714486,0.0003,0.006861135363578796,0.2,-0.033480921119917184,0.835673987865448,0.9443087577819824,270,-3.7187953010201453,0.14739292886224575,0.273974609375
1047,-53.29423255932203,29,1000.0,56,59392,0.036154002,0.0003,0.01674191653728485,0.2,-0.04382025854865788,0.8303909301757812,0.8699294328689575,280,-3.6919246606528757,0.41982730126474055,0.29755859375
1089,-51.52116547540983,30,1000.0,56,61440,0.038137436,0.0003,-0.03293539211153984,0.2,-0.034444669930962846,0.8225882649421692,0.9207081198692322,290,-3.665822171419859,0.283128621178912,0.29873046875
1130,-49.34281506349206,31,1000.0,56,63488,0.07529256,0.0003,-0.01957561820745468,0.2,-0.043329600330616815,0.81574946641922,0.8821523785591125,300,-3.638617577403784,0.37473705239826816,0.359716796875
1161,-49.27534043076923,32,1000.0,56,65536,0.04841011,0.0003,-0.007527656853199005,0.2,-0.03550770389265381,0.8090787529945374,0.9119819402694702,310,-3.612101659923792,0.32476216530194507,0.3603515625
1202,-45.43329628358209,33,1000.0,56,67584,0.039686196,0.0003,0.001978296786546707,0.2,-0.03004011149459984,0.803560197353363,0.9226900339126587,320,-3.585699500888586,0.4127467990852892,0.324853515625
1247,-43.159448391304345,34,1000.0,55,69632,0.047398023,0.0003,0.018609538674354553,0.2,-0.03091394518123707,0.796807587146759,0.9181729555130005,330,-3.561363272368908,0.5954566255211831,0.37578125
1290,-38.73694938028169,35,1000.0,55,71680,0.037749086,0.0003,0.010273955762386322,0.2,-0.026992562030500267,0.7930261492729187,0.9391166567802429,340,-3.5419433780014513,0.9142939967568964,0.31787109375
1335,-38.13587030136986,36,1000.0,55,73728,0.043447465,0.0003,0.09795687347650528,0.2,-0.028784885523782576,0.7879317402839661,0.9419980645179749,350,-3.52362115457654,0.8732808158267289,0.34755859375
1378,-34.78192756000001,37,1000.0,54,75776,0.06718675,0.0003,0.04508310928940773,0.2,-0.029742549707953002,0.7816187739372253,0.9328597187995911,360,-3.5014529317617415,0.45372836944879963,0.375390625
1422,-33.4554898961039,38,1000.0,54,77824,0.047941506,0.0003,0.1340733766555786,0.2,-0.02989205918565858,0.7729191780090332,0.9265386462211609,370,-3.471716359257698,1.032715047104284,0.335400390625
1466,-26.732611569620254,39,1000.0,54,79872,0.05911034,0.0003,0.06260780990123749,0.2,-0.024688015785068275,0.7610251307487488,0.929893434047699,380,-3.4301235020160674,0.8429190581664443,0.3958984375
1510,-21.357110666666664,40,1000.0,54,81920,0.033988632,0.0003,0.15178316831588745,0.2,-0.01671567988960305,0.7593976855278015,0.5134265422821045,390,-3.3987258657813073,2.291662296652794,0.338818359375
1547,-17.129658337349394,41,1000.0,54,83968,0.049561903,0.0003,0.08680836111307144,0.2,-0.02600859875965398,0.7555260062217712,0.8963618278503418,400,-3.389551143348217,1.4409484009258449,0.376513671875
1578,-5.642085034883717,42,1000.0,54,86016,0.052366775,0.0003,0.3625539243221283,0.2,-0.02576565019262489,0.7480594515800476,0.875684916973114,410,-3.366839361190796,2.693152385856956,0.376611328125
1608,0.36009010227272725,43,1000.0,54,88064,0.059697416,0.0003,0.29368990659713745,0.2,-0.03212858587939991,0.7430028319358826,0.9125369191169739,420,-3.340184772759676,2.0853225680068137,0.423388671875
1642,6.895728144444445,44,1000.0,54,90112,0.082447395,0.0003,0.2712148427963257,0.2,-0.02119668484519934,0.7357591986656189,0.9428055882453918,430,-3.3162202827632425,2.3653284621424975,0.443212890625
1679,13.987787413043478,45,1000.0,54,92160,0.05465683,0.0003,0.268583744764328,0.2,-0.026038858733227244,0.7308902144432068,0.9018277525901794,440,-3.288386965543032,2.4805623099207876,0.39482421875
1722,22.267544819148934,46,1000.0,54,94208,0.078421704,0.0003,0.22328713536262512,0.2,-0.026747989826253614,0.7294072508811951,0.8010836839675903,450,-3.2740882359445096,2.4506172470748426,0.44765625
1765,30.605122312499997,47,1000.0,54,96256,0.07374423,0.0003,0.727952241897583,0.2,-0.02124521633668337,0.7252195477485657,0.8721643090248108,460,-3.2612493626773356,4.539658259600401,0.4349609375
1806,40.77947375510203,48,1000.0,54,98304,0.07524647,0.0003,0.8911237120628357,0.2,-0.015186899964464828,0.7193670272827148,0.9170958399772644,470,-3.240236709266901,4.385016057640314,0.41220703125
1838,51.49413068,49,1000.0,54,100352,0.06975586,0.0003,0.30497628450393677,0.2,-0.006828967125329655,0.7207229733467102,0.6106730699539185,480,-3.226956257969141,4.900171687081456,0.434130859375
27,59.09859557000001,1,1000.0,75,102400,0.06414989,0.0003,1.0343903303146362,0.2,0.001735076360637322,0.7198509573936462,0.5270137190818787,490,-3.223616372793913,4.520232412219047,0.450048828125
69,66.48395322,2,1000.0,59,104448,0.04874865,0.0003,0.44912591576576233,0.2,-0.0006922561602550559,0.7168831825256348,0.630488395690918,500,-3.2135471008718013,3.873767190799117,0.42880859375
110,74.82664037,3,1000.0,55,106496,0.05587101,0.0003,0.7953963875770569,0.2,-0.020365708669123704,0.7175788283348083,0.8015525341033936,510,-3.2065826252102854,2.9594757964834573,0.430615234375
147,84.84529707,4,1000.0,55,108544,0.05019004,0.0003,1.2328336238861084,0.2,-0.015050197663367727,0.7160763144493103,0.7419236302375793,520,-3.2015344470739366,3.428900604136288,0.4259765625
185,90.46511238,5,1000.0,55,110592,0.06853882,0.0003,0.48850536346435547,0.2,-0.007074690390436444,0.7131946682929993,0.7168713808059692,530,-3.1858134351670744,3.3716763673350214,0.43271484375
222,98.39375525,6,1000.0,55,112640,0.06758848,0.0003,0.28170400857925415,0.2,-0.013740171687095426,0.7122511267662048,0.8155084848403931,540,-3.1729313135147095,2.410506619233638,0.472509765625
259,108.05963433999999,7,1000.0,55,114688,0.061696872,0.0003,0.3437545597553253,0.2,-0.014741993680945597,0.7075220942497253,0.7130365967750549,550,-3.164775770902634,2.6016046565026043,0.428173828125
296,120.54333027000001,8,1000.0,55,116736,0.069600806,0.0003,0.8060213923454285,0.2,-0.011963611825194675,0.7053348422050476,0.828403890132904,560,-3.1470951549708843,2.8758346987888217,0.43583984375
333,131.27209113,9,1000.0,55,118784,0.077040136,0.0003,0.35733234882354736,0.2,-0.012881809304235502,0.6993797421455383,0.9113175272941589,570,-3.1269631437957286,3.3751354068517685,0.448046875
370,135.42229337,10,1000.0,55,120832,0.07582029,0.0003,0.7179614305496216,0.2,-0.00155951272463426,0.6987828612327576,0.9023918509483337,580,-3.108507818728685,6.077223592065275,0.47958984375
407,147.77959234,11,1000.0,55,122880,0.07819085,0.0003,0.3707175850868225,0.2,-0.00022208090813364835,0.699218213558197,0.9479740858078003,590,-3.1079618081450464,3.594897750578821,0.500830078125
443,162.30878449999997,12,1000.0,55,124928,0.08222164,0.0003,0.6225129961967468,0.2,-0.0017696405935566871,0.6978273987770081,0.9555017948150635,600,-3.103975787758827,5.027347739599645,0.469580078125
480,178.18133168,13,999.74,55,126976,0.066424966,0.0003,0.32014456391334534,0.2,0.0053299578314181415,0.6958107352256775,0.970578670501709,610,-3.091042151302099,5.062766572274268,0.491748046875
517,185.19400913,14,999.74,55,129024,0.07646362,0.0003,1.473767876625061,0.2,0.015385443306877277,0.6965036392211914,0.9392988681793213,620,-3.0895527176558972,16.507091135531663,0.505859375
554,196.69857908999998,15,999.74,55,131072,0.13195457,0.0003,1.0167524814605713,0.2,0.026037465545960002,0.6992528438568115,0.9391012787818909,630,-3.099575889855623,7.85086444504559,0.575244140625
591,203.91456628999995,16,999.74,55,133120,0.09970541,0.0003,0.859359622001648,0.2,0.004794124439649749,0.7010376453399658,0.9558140635490417,640,-3.1067008577287196,8.568530264869333,0.521044921875
627,211.61630810999998,17,999.74,55,135168,0.12880683,0.0003,0.7225170135498047,0.2,0.014197574157151394,0.7071158289909363,0.9710738062858582,650,-3.1208120457828046,5.691164485923946,0.5142578125
664,217.27585627999997,18,999.74,55,137216,0.15460972,0.0003,0.30200567841529846,0.2,-0.0007900677330326289,0.707414448261261,0.9547480344772339,660,-3.135586874932051,5.074641596898436,0.556640625
700,226.18047976999998,19,999.74,55,139264,0.11579919,0.0003,0.4743129312992096,0.2,0.01595020018867217,0.7152908444404602,0.9741412997245789,670,-3.152964223921299,4.550004690233618,0.516259765625
739,240.15237560000006,20,999.74,55,141312,0.082142375,0.0003,0.6407843828201294,0.2,0.011032645696832332,0.7171910405158997,0.973587691783905,680,-3.1647484466433524,4.774584721401334,0.467138671875
780,251.49896621000005,21,999.74,55,143360,0.09003939,0.0003,0.9152500629425049,0.2,0.009712188935372979,0.7177392840385437,0.6801923513412476,690,-3.1655870154500008,9.163936556503177,0.4927734375
821,257.59426842,22,999.74,54,145408,0.09720141,0.0003,1.1280109882354736,0.2,0.036499369039665906,0.7146852612495422,0.9189271330833435,700,-3.1566831059753895,6.975568648613989,0.560009765625
863,265.79757925999996,23,999.74,54,147456,0.15552521,0.0003,0.3527683615684509,0.2,0.01811536416062154,0.7088000178337097,0.9806503057479858,710,-3.140089300274849,3.212423233408481,0.527294921875
904,278.10953391,24,999.74,54,149504,0.19068244,0.0003,0.8450881242752075,0.2,0.030934120465099114,0.7114998698234558,0.9293189644813538,720,-3.129193899035454,12.01759355813265,0.612451171875
935,286.97837402,25,999.74,54,151552,0.16595414,0.0003,1.2257577180862427,0.2,0.03259590994275641,0.7139185070991516,0.8575751781463623,730,-3.138736817240715,11.06332965940237,0.583837890625
972,295.74980826,26,999.74,54,153600,0.08243269,0.0003,1.4254486560821533,0.2,0.016876753579708748,0.7166266441345215,0.9354000687599182,740,-3.150182434916496,7.349845546856523,0.457861328125
1009,304.80174822000004,27,999.74,54,155648,0.12531492,0.0003,0.6445837020874023,0.2,0.017013069809763692,0.7171084880828857,0.786464273929596,750,-3.155222461372614,4.268769974447787,0.532666015625
1046,313.9168856,28,999.74,54,157696,0.0990165,0.0003,1.3085421323776245,0.2,0.02769618382153567,0.7179296612739563,0.7379196882247925,760,-3.1553463652729987,4.763911836966872,0.565771484375
1083,326.74672281,29,999.74,54,159744,0.076311365,0.0003,0.5788887739181519,0.2,0.01136224981455598,0.7216772437095642,0.6024461388587952,770,-3.163287527859211,4.729336208105087,0.51103515625
1121,340.30842358,30,999.74,54,161792,0.09264411,0.0003,1.1430103778839111,0.2,0.007428143289871514,0.7185060977935791,0.7034743428230286,780,-3.1598532371222974,7.6487271212041374,0.4935546875
1159,350.85581822999995,31,999.74,54,163840,0.09429909,0.0003,0.6338539719581604,0.2,0.0054697005325579084,0.7141078114509583,0.8792744874954224,790,-3.1455549880862237,5.915766299143433,0.511279296875
1196,359.97430782,32,999.74,54,165888,0.07581815,0.0003,0.4962804317474365,0.2,-0.002517437962524127,0.7196273803710938,0.8202536106109619,800,-3.139526668190956,4.465093711949885,0.4740234375
1232,366.88132956000004,33,999.74,54,167936,0.11388816,0.0003,0.26510801911354065,0.2,-0.0028129959740908817,0.7194785475730896,0.9635130167007446,810,-3.149603446573019,2.9706373452208936,0.48447265625
1269,378.94003541,34,999.74,54,169984,0.10798623,0.0003,1.5208196640014648,0.2,0.017193520961882314,0.7174761891365051,0.9363737106323242,820,-3.141264110803604,8.617640610039235,0.53779296875
1305,379.57332416,35,999.74,54,172032,0.08040021,0.0003,0.879666805267334,0.2,0.018926177226239814,0.7231552004814148,0.9524099230766296,830,-3.1487301848828793,6.336730247829109,0.5015625
1342,389.97237798000003,36,999.74,54,174080,0.15628606,0.0003,0.14984659850597382,0.2,0.01709160395839717,0.7279331684112549,0.9679031372070312,840,-3.1752727068960667,3.272759271087125,0.500390625
1380,396.64585531999995,37,999.74,54,176128,0.1513037,0.0003,2.370248317718506,0.2,0.04191367656021612,0.7322342991828918,0.9111202359199524,850,-3.194510404020548,18.513363337144256,0.57841796875
1417,403.2770729900001,38,999.74,54,178176,0.16523722,0.0003,1.8647582530975342,0.2,0.02517109512409661,0.732578694820404,0.8119869232177734,860,-3.209567732363939,14.466820103675127,0.563720703125
1454,404.13374503000006,39,999.74,54,180224,0.21347994,0.0003,0.5269705653190613,0.2,0.031154909420001785,0.7312653660774231,0.7299371361732483,870,-3.2058881521224976,12.044737212732434,0.58876953125
1491,405.51822134,40,999.74,54,182272,0.15395802,0.0003,1.251798152923584,0.2,0.019455216254573315,0.7302680015563965,0.8749756813049316,880,-3.199379561841488,10.7206658186391,0.552490234375
1529,408.61836418000007,41,999.74,54,184320,0.114778675,0.0003,1.4156590700149536,0.2,0.018186901723674966,0.731530487537384,0.9622642397880554,890,-3.1967176400125026,4.9896523268893365,0.5291015625
3310,411.87371492,42,999.74,25,186368,0.20203075,0.0003,0.4505172073841095,0.2,0.02864610874094069,0.733361542224884,0.9081010818481445,900,-3.2033521868288517,4.937355883792042,0.576611328125
3344,410.54602620000003,43,999.74,26,188416,0.122106984,0.0003,0.7022666335105896,0.2,0.02967308673833031,0.7368659377098083,0.8753085732460022,910,-3.2141323506832125,9.27201664764434,0.541943359375
3382,415.41347865999995,44,999.74,26,190464,0.13327113,0.0003,0.209400475025177,0.2,0.00461038759094663,0.7327000498771667,0.9540214538574219,920,-3.2280740179121494,3.209771151095629,0.4869140625
3428,417.4001665099999,45,999.74,26,192512,0.11983999,0.0003,0.7299433946609497,0.2,0.019696170212409925,0.7392081618309021,0.8075495958328247,930,-3.229688708484173,13.489857934042812,0.556201171875
3469,413.09884836000003,46,998.95,27,194560,0.12622342,0.0003,0.4891223907470703,0.2,0.005709587542514783,0.7473111748695374,0.9271121025085449,940,-3.258247232437134,4.74925620239228,0.5216796875
3510,416.9895347100001,47,998.95,27,196608,0.5370411,0.0003,0.8090612292289734,0.2,0.0016328018209605943,0.7486441731452942,0.895233154296875,950,-3.277117395401001,10.989340876601636,0.501416015625
3550,414.3897458200001,48,998.95,27,198656,0.07674758,0.0003,0.653802216053009,0.2,0.02257398570582154,0.7514135837554932,0.42327243089675903,960,-3.2887212336063385,4.468691706284881,0.53134765625
3592,407.91606781,49,998.95,27,200704,0.10736574,0.0003,0.7849996089935303,0.2,0.004559975303709507,0.7520200610160828,0.8802071213722229,970,-3.2917574256658555,4.549610753357411,0.4765625
25,414.0187698800001,1,998.95,79,202752,0.10443278,0.0003,0.4322759807109833,0.2,0.01866079683386488,0.7451069355010986,0.7758074402809143,980,-3.2734929010272027,4.428309463150799,0.49306640625
70,415.03588222999997,2,998.95,58,204800,0.08473086,0.0003,0.3218308687210083,0.2,0.002929447243514005,0.7491070628166199,0.9420772790908813,990,-3.262916775047779,4.005091090500355,0.496630859375
112,415.49525283,3,998.95,54,206848,0.076461546,0.0003,0.377288818359375,0.2,0.008610793546540662,0.744236946105957,0.9180423617362976,1000,-3.260472268611193,2.486003728862852,0.51357421875
157,420.86024255000007,4,998.95,52,208896,0.17093194,0.0003,0.5209436416625977,0.2,0.007975753743085078,0.7478907108306885,0.9457623362541199,1010,-3.2554036676883698,3.5385720057412984,0.536962890625
202,421.02192974999997,5,994.95,50,210944,0.0946687,0.0003,0.48001599311828613,0.2,-0.005694792138820048,0.7531493306159973,0.9227710366249084,1020,-3.2734685495495794,4.085917198471725,0.4818359375
247,418.25514231999995,6,994.95,49,212992,0.46990335,0.0003,1.008254051208496,0.2,0.0043931706110015515,0.746537446975708,0.8087085485458374,1030,-3.274499047547579,11.829342470504344,0.538330078125
279,411.13744683,7,994.95,51,215040,0.15208212,0.0003,0.5787234902381897,0.2,-0.003379514758125879,0.7430046200752258,0.9368995428085327,1040,-3.2560552902519704,4.649496946949512,0.5650390625
311,404.37049536,8,994.95,52,217088,0.19554766,0.0003,0.12607115507125854,0.2,0.011874033970525489,0.7418162226676941,0.9692508578300476,1050,-3.240004479140043,1.524981839209795,0.618701171875
343,395.25090416,9,994.95,53,219136,0.25707296,0.0003,0.08304847031831741,0.2,-0.0116276212662342,0.7347844243049622,0.9689295291900635,1060,-3.2276018127799033,1.3796121759572997,0.522802734375
374,388.47625507,10,994.95,54,221184,0.21028869,0.0003,0.027168866246938705,0.2,-0.0011184891700395383,0.7438252568244934,0.928715705871582,1070,-3.231243289262056,2.1214277166174726,0.533984375
413,370.23988911999993,11,979.78,54,223232,0.112368524,0.0003,0.3390248119831085,0.2,0.019999436644866364,0.7557823657989502,0.9569560885429382,1080,-3.2608911246061325,1.8674580060411246,0.46572265625
456,358.52347276,12,980.04,53,225280,1.23282,0.0003,0.3528994619846344,0.2,-0.004446498212200822,0.7604787945747375,0.8853799104690552,1090,-3.2868081837892533,9.691679197037592,0.574658203125
497,354.5084863300001,13,980.04,53,227328,0.41325507,0.0003,0.03573731333017349,0.2,0.016315189651504625,0.765603244304657,0.8812635540962219,1100,-3.3269301295280456,1.4344624920515343,0.639453125
538,344.0752435600001,14,980.04,53,229376,0.13684678,0.0003,0.12903428077697754,0.2,0.02298213449685136,0.7727317810058594,0.952775239944458,1110,-3.336780711263418,2.337598460353911,0.523779296875
580,340.37982081,15,980.04,52,231424,0.103828214,0.0003,0.4799647927284241,0.2,0.014329654330504126,0.7722086310386658,0.9736060500144958,1120,-3.347981888055801,3.108240281092003,0.46865234375
623,336.94602972,16,980.04,52,233472,0.18497151,0.0003,0.056485675275325775,0.2,-0.0006076885721995496,0.7843759655952454,0.9326943755149841,1130,-3.3835917949676513,1.013364427234046,0.576171875
666,332.84118006999995,17,980.04,52,235520,0.08478095,0.0003,0.07008153200149536,0.2,0.013621478142158593,0.7902786731719971,0.9586840867996216,1140,-3.40414474606514,2.2984836226794867,0.4919921875
708,325.39424666,18,980.04,52,237568,0.15914822,0.0003,0.18218302726745605,0.2,0.017855917796987343,0.7892758250236511,0.9635698199272156,1150,-3.4152347043156626,1.1665666435379536,0.562841796875
750,316.12730444000005,19,980.04,51,239616,0.2984411,0.0003,0.38581666350364685,0.2,0.017899458974716252,0.7909786701202393,0.9535790085792542,1160,-3.411910893768072,3.221020714379847,0.534130859375
791,306.36414156,20,980.04,51,241664,0.19331253,0.0003,0.15836401283740997,0.2,-0.0006309498021437321,0.7959915995597839,0.9463000893592834,1170,-3.442350783199072,1.2708209596574307,0.5453125
834,303.15777733000004,21,980.04,51,243712,0.089057535,0.0003,0.23463758826255798,0.2,0.0075673299303161915,0.7992172241210938,0.9471878409385681,1180,-3.4501481898128987,1.9662727515678853,0.449755859375
877,296.54032093000006,22,980.04,51,245760,0.15691309,0.0003,0.06217844784259796,0.2,-0.005224285573785892,0.7990030646324158,0.959101140499115,1190,-3.4705717004835606,0.534938026953023,0.451708984375
919,288.47256611000006,23,980.04,51,247808,0.12407095,0.0003,0.21342679858207703,0.2,0.014723454721388408,0.802639901638031,0.9637080430984497,1200,-3.4657583527266977,1.780171864409931,0.550830078125
961,286.21174509,24,980.04,51,249856,0.17602625,0.0003,0.2620558738708496,0.2,0.02628096865446423,0.8068636059761047,0.9528561234474182,1210,-3.4814086616039277,4.1499903935939075,0.514892578125
1004,280.5182466,25,980.04,50,251904,0.21717611,0.0003,0.3594917356967926,0.2,0.011334612013888546,0.807161808013916,0.9658707976341248,1220,-3.4955586954951285,2.8666353381238876,0.555029296875
1047,273.96121972000003,26,980.04,50,253952,0.17643493,0.0003,0.131209596991539,0.2,0.020167636255791876,0.8104913830757141,0.9683066010475159,1230,-3.5017880357801916,2.784775347588584,0.489404296875
1089,262.36871678999995,27,980.04,50,256000,0.28471148,0.0003,0.1715903878211975,0.2,0.005112373569136253,0.8065558075904846,0.9068789482116699,1240,-3.507893822342157,1.5598592684604227,0.604736328125
1132,253.01420645,28,980.04,50,258048,0.095448256,0.0003,0.2520108222961426,0.2,0.02575743315683212,0.8121741414070129,0.968571126461029,1250,-3.504214853793383,1.4284365646075456,0.457275390625
1178,245.93453069999998,29,980.04,50,260096,0.23139876,0.0003,0.25533515214920044,0.2,0.016303137796057854,0.8128309845924377,0.963729739189148,1260,-3.523037464916706,2.6467750541865827,0.577294921875
1229,235.30467591999997,30,980.04,49,262144,0.15186301,0.0003,0.48294204473495483,0.2,0.0077845868239819534,0.8145504593849182,0.97072434425354,1270,-3.5240006342530252,4.413617423921823,0.5373046875
1274,232.76159986999994,31,980.04,49,264192,0.18302959,0.0003,0.33687373995780945,0.2,-0.005132072330161464,0.8219466805458069,0.9822453260421753,1280,-3.5395525939762593,1.8914467940106987,0.504150390625
1318,224.71107550999997,32,980.04,49,266240,0.3135355,0.0003,0.14094850420951843,0.2,0.009972679147904274,0.8273084163665771,0.9704667925834656,1290,-3.5743388973176478,1.5734359614085407,0.606689453125
1358,221.52179388999997,33,980.04,49,268288,0.08862961,0.0003,0.7737187743186951,0.2,0.0023830461665056645,0.82554692029953,0.9702199697494507,1300,-3.569413081556559,5.416310553997755,0.4896484375
1404,223.73717718999995,34,980.04,49,270336,0.13880458,0.0003,0.48362359404563904,0.2,0.02344114775478374,0.8279123306274414,0.9324469566345215,1310,-3.5752092353999614,4.967409579176456,0.529248046875
1448,216.63159854999998,35,980.04,49,272384,0.16082175,0.0003,0.1221112608909607,0.2,0.013830725401930977,0.8291439414024353,0.9692005515098572,1320,-3.580933539569378,3.2452891427092254,0.543408203125
1492,211.67875805,36,980.04,49,274432,0.31435198,0.0003,0.2124127596616745,0.2,0.014636366424383596,0.8396894335746765,0.9737996459007263,1330,-3.6074995048344136,2.135615833895281,0.541015625
1536,205.79726526,37,980.04,49,276480,0.57463175,0.0003,0.4463571012020111,0.2,0.0005674188738339581,0.8325994610786438,0.9630865454673767,1340,-3.625314210355282,3.0377574977930637,0.603271484375
1580,203.76266090000001,38,980.04,49,278528,0.1789523,0.0003,0.39058971405029297,0.2,0.02533032735082088,0.8282836079597473,0.9547691345214844,1350,-3.5972045078873633,3.8958238483406604,0.572314453125
1622,199.70169937999998,39,980.04,49,280576,0.23639305,0.0003,0.19498327374458313,0.2,0.020758708828361706,0.8193070292472839,0.9533255696296692,1360,-3.5807175494730474,2.791878762235865,0.59921875
1667,192.77024742999998,40,980.04,49,282624,0.17381425,0.0003,0.2570813298225403,0.2,0.021004492082283832,0.8244618773460388,0.9771518707275391,1370,-3.5787508986890315,1.8919884760165586,0.569775390625
1713,188.16679685,41,980.04,49,284672,0.22645773,0.0003,1.0376944541931152,0.2,0.0490338663716102,0.8276052474975586,0.9247114658355713,1380,-3.5877265445888042,10.24699631393887,0.620361328125
1757,184.74629136,42,980.04,48,286720,0.1122955,0.0003,0.5914286971092224,0.2,0.017701440484961493,0.8298521041870117,0.9712141156196594,1390,-3.6024975687265397,2.928043105197139,0.49189453125
1801,175.9961863,43,980.04,48,288768,0.2332289,0.0003,0.10595545917749405,0.2,0.0072131631299271245,0.841648280620575,0.929438054561615,1400,-3.630747337639332,1.2303741816896945,0.547216796875
1845,168.18341672000003,44,980.04,48,290816,0.18535611,0.0003,0.20347952842712402,0.2,0.012607481991290114,0.8497710227966309,0.9408605098724365,1410,-3.665223716944456,3.4071476181969045,0.58544921875
1889,166.92971770999998,45,980.83,48,292864,0.17922802,0.0003,0.08784733712673187,0.2,0.0015545206784736364,0.8578100800514221,0.9653769731521606,1420,-3.7044487074017525,0.9537548503139988,0.580908203125
1930,157.33794325,46,980.83,48,294912,0.05922143,0.0003,0.16899392008781433,0.2,0.021539113475591877,0.8537694811820984,0.9184781312942505,1430,-3.711175951361656,2.2226349322590977,0.452197265625
1967,154.41922520999998,47,980.83,48,296960,0.112540424,0.0003,0.1790139377117157,0.2,0.010865534078038763,0.8624528050422668,0.96866375207901,1440,-3.714681252837181,1.7123410693835468,0.46044921875
2010,151.71217998999998,48,980.83,48,299008,0.15049158,0.0003,0.1964569091796875,0.2,0.007828480507305358,0.8608412146568298,0.9372060298919678,1450,-3.728049681335688,5.644646640308201,0.531884765625
2052,143.37343488,49,980.83,48,301056,0.13695128,0.0003,0.9532632827758789,0.2,0.030171495757531374,0.8622779250144958,0.8964576721191406,1460,-3.7281138502061366,13.201012516207992,0.58173828125
27,136.36944150000002,1,980.83,74,303104,0.08152641,0.0003,0.11077497154474258,0.2,0.01487346746289404,0.8587493896484375,0.8935715556144714,1470,-3.732926689833403,2.441867160703987,0.4962890625
70,129.03307382,2,980.83,58,305152,0.12690309,0.0003,0.2603932321071625,0.2,0.007532292569885612,0.8586156368255615,0.944606363773346,1480,-3.726452290266752,2.613234797446057,0.5001953125
113,122.65985293,3,980.83,54,307200,0.07562494,0.0003,0.34778308868408203,0.2,0.010130141253466719,0.8633673787117004,0.9575677514076233,1490,-3.739827664196491,2.232307622721419,0.453564453125
157,120.42670473999999,4,984.83,52,309248,0.04930426,0.0003,0.2978750765323639,0.2,0.008492354354530107,0.8639172911643982,0.9552205801010132,1500,-3.752215337753296,2.1659845534246416,0.38515625
201,117.18625589,5,984.83,50,311296,0.18819152,0.0003,0.424449622631073,0.2,0.006803526400472037,0.8681090474128723,0.9652307033538818,1510,-3.7598997972905637,4.864862335380167,0.502099609375
248,122.34309239999999,6,984.83,49,313344,0.082777604,0.0003,0.3154170513153076,0.2,0.002142427337821573,0.8675858378410339,0.972271203994751,1520,-3.7694531589746476,2.709072648268193,0.47373046875
292,124.95453445,7,984.83,49,315392,0.15199621,0.0003,0.7030593156814575,0.2,0.011537997743289452,0.8703250288963318,0.9639312028884888,1530,-3.7723458141088484,5.717021980136633,0.553466796875
336,126.79493488999998,8,984.83,48,317440,0.13323322,0.0003,0.29732346534729004,0.2,0.015486412248719716,0.8695976138114929,0.9848095178604126,1540,-3.7748378708958628,2.918476514238864,0.50439453125
380,127.29869169,9,984.83,48,319488,0.13067071,0.0003,0.06903619319200516,0.2,0.01394078644370893,0.8824822902679443,0.9323114156723022,1550,-3.8025656886398793,1.6554436695296317,0.5177734375
423,132.39145667,10,984.83,48,321536,0.1351257,0.0003,0.22936339676380157,0.2,0.015718850343546364,0.8904793858528137,0.9678713083267212,1560,-3.8299861147999765,2.6782883022911848,0.50126953125
467,133.61216546,11,1000.0,48,323584,0.12198648,0.0003,0.46559587121009827,0.2,0.01750448169623269,0.8910662531852722,0.9414723515510559,1570,-3.842944406718016,5.79573450665921,0.474169921875
512,134.33337212,12,1000.0,47,325632,0.14218095,0.0003,0.17464537918567657,0.2,0.008005985946510918,0.888197124004364,0.9651061296463013,1580,-3.841105242073536,1.704294909350574,0.515087890625
556,137.91026711,13,1000.0,47,327680,0.18670714,0.0003,0.4306892454624176,0.2,-0.0029300976821104996,0.8949174880981445,0.9505558013916016,1590,-3.8477808728814127,2.852392203127965,0.588671875
599,141.20585016,14,1000.0,47,329728,0.09797476,0.0003,0.3400312066078186,0.2,0.004717942175921053,0.8989784121513367,0.9603821039199829,1600,-3.863063062727451,4.639566693641245,0.520703125
643,142.19142531,15,1000.0,47,331776,0.1532622,0.0003,0.29835230112075806,0.2,0.013152862217975781,0.8958579897880554,0.968873143196106,1610,-3.866228745132685,2.0916218961123376,0.541455078125
686,143.32074488,16,1000.0,47,333824,0.1327886,0.0003,0.21183298528194427,0.2,-0.0029003660019952804,0.8956791758537292,0.9864283204078674,1620,-3.8541462667286397,2.1609296754468232,0.46240234375
730,147.80284762000002,17,1000.0,47,335872,0.13502127,0.0003,0.8020576238632202,0.2,0.013953231481718831,0.8970696926116943,0.9222726821899414,1630,-3.8566597267985343,7.104200218711048,0.55673828125
773,150.16215194,18,1000.0,47,337920,0.1265658,0.0003,0.17231746017932892,0.2,0.013070560440246482,0.9041707515716553,0.9445825219154358,1640,-3.8695969484746455,2.661276432685554,0.5189453125
817,147.95659428,19,1000.0,47,339968,0.115939334,0.0003,0.29602929949760437,0.2,0.01681537374679465,0.9085209369659424,0.9782018661499023,1650,-3.8916764318943025,2.9897751535288988,0.5005859375
861,151.81477251,20,1000.0,47,342016,0.097858936,0.0003,0.3738406300544739,0.2,0.026653100960538724,0.9102316498756409,0.9562923908233643,1660,-3.9006227225065233,2.5676521910354495,0.49052734375
906,154.66070309999998,21,1000.0,47,344064,0.11429505,0.0003,0.2872685492038727,0.2,0.0014182041253661738,0.915783703327179,0.9604793787002563,1670,-3.908830451220274,3.3612259733024983,0.50341796875
949,153.18776511,22,1000.0,47,346112,0.115852416,0.0003,0.0967005118727684,0.2,-0.003939515452657361,0.9184749722480774,0.9628893136978149,1680,-3.9245528928935527,1.8684065088629722,0.462890625
993,149.47704166,23,1000.0,47,348160,0.07181102,0.0003,0.14533481001853943,0.2,-0.008450676337815821,0.9243627190589905,0.9647246599197388,1690,-3.94410525560379,1.3920505926478655,0.402978515625
1037,148.58150437,24,1000.0,47,350208,0.08587977,0.0003,0.1465054154396057,0.2,-0.0006691664311802015,0.9342412352561951,0.960579514503479,1700,-3.970980194956064,0.9794442221987992,0.372802734375
1081,147.41343982,25,1000.0,47,352256,0.074470825,0.0003,0.004091121256351471,0.2,-0.0018069264362566174,0.9461278319358826,0.9605525732040405,1710,-4.004568341374397,1.714911000756547,0.456298828125
1126,150.26811065,26,1000.0,47,354304,0.051609073,0.0003,0.1614972949028015,0.2,0.010692659477354028,0.9494789242744446,0.9326605200767517,1720,-4.027134653925896,3.710604689642787,0.398828125
1170,149.45206828,27,1000.0,47,356352,0.10150164,0.0003,0.4590242803096771,0.2,-0.005550924412091263,0.9478609561920166,0.9140127897262573,1730,-4.035946986079216,4.579042159393429,0.49853515625
1214,148.56353124,28,1000.0,47,358400,0.20124759,0.0003,0.06830322742462158,0.2,-0.00430962975951843,0.9480593800544739,0.954937219619751,1740,-4.0394364386796955,1.9091143948026001,0.439306640625
1258,147.88470127,29,1000.0,47,360448,0.057862878,0.0003,0.6323820352554321,0.2,-0.00430984063714277,0.9448919892311096,0.8866723775863647,1750,-4.034093925356865,4.974696949310601,0.365625
1303,146.68765995999996,30,1000.0,47,362496,0.05327946,0.0003,0.26594752073287964,0.2,0.00019783058305620216,0.9447495341300964,0.9395820498466492,1760,-4.027779318392277,4.1530546362511815,0.3890625
1345,148.83677323,31,1000.0,47,364544,0.0824735,0.0003,0.14505977928638458,0.2,-0.004687401963747106,0.9370020031929016,0.953650951385498,1770,-4.016861996054649,1.6249520361423493,0.361669921875
1387,142.73531591,32,993.69,47,366592,0.054161005,0.0003,0.39926785230636597,0.2,0.004658763128099963,0.9346237182617188,0.9104431867599487,1780,-4.000171642750502,3.413986765965819,0.395361328125
1431,144.4351888,33,993.69,47,368640,1.1665671,0.0003,0.2570914030075073,0.2,-0.018012014378473395,0.9368748664855957,0.8622328042984009,1790,-3.990133064985275,5.7870699627324935,0.3568359375
1474,142.25976086999998,34,993.69,47,370688,0.1179427,0.0003,0.21525859832763672,0.2,0.021241264409036377,0.9422274231910706,0.8963978886604309,1800,-4.001795470714569,3.538237399235368,0.52490234375
1516,140.29913351,35,993.69,47,372736,0.1391465,0.0003,0.2330218404531479,0.2,-0.003631326132745016,0.9341280460357666,0.9468209743499756,1810,-4.004988376796246,2.0694559768773617,0.43603515625
1560,136.62450997999997,36,993.69,47,374784,0.22866732,0.0003,0.03841838613152504,0.2,-0.018025576823856682,0.9252294898033142,0.9390164017677307,1820,-3.993756767362356,0.733645797893405,0.395751953125
1603,135.68738044999998,37,993.69,47,376832,0.1541554,0.0003,0.07179490476846695,0.2,0.004267577864811756,0.9245156645774841,0.9318972826004028,1830,-3.966856699436903,1.518805788597092,0.505078125
1646,133.55032855,38,993.69,47,378880,0.1420174,0.0003,0.18069420754909515,0.2,-0.02112928689821274,0.9205633997917175,0.9499550461769104,1840,-3.9680016331374643,0.9111523320432753,0.409228515625
1689,135.34444411,39,993.69,47,380928,0.054813415,0.0003,0.22320319712162018,0.2,-0.006574132470996119,0.9131135940551758,0.8842898607254028,1850,-3.947772170603275,1.4800989665091038,0.413232421875
1733,132.96779236999998,40,988.75,47,382976,0.1425594,0.0003,0.03377413749694824,0.2,-0.010938662511762232,0.9127863049507141,0.9450492858886719,1860,-3.938975628465414,0.9718288635020145,0.477294921875
1777,135.96233474999997,41,988.75,47,385024,0.6716113,0.0003,0.2719801664352417,0.2,-0.009428854519501328,0.9128188490867615,0.8294618129730225,1870,-3.9357955761253836,5.2470164326485245,0.470458984375
1824,134.60274463,42,988.75,47,387072,0.14215547,0.0003,0.20873060822486877,0.2,0.013166258552519138,0.9075607657432556,0.9407345056533813,1880,-3.934982106089592,2.4962118424475195,0.541357421875
1869,134.74059745,43,988.75,47,389120,0.07301018,0.0003,0.21978887915611267,0.2,0.003375242609763518,0.9123194813728333,0.9431459903717041,1890,-3.9264908067882063,1.5417793822474777,0.43662109375
1912,132.23841212,44,988.75,47,391168,0.165559,0.0003,0.19155558943748474,0.2,-0.025788618919614238,0.9049134254455566,0.9438132047653198,1900,-3.93155852034688,1.1372596541885287,0.37412109375
1955,129.06549456999997,45,988.75,47,393216,0.19345912,0.0003,-0.022447705268859863,0.2,-0.023572658929333558,0.8962349891662598,0.9734060764312744,1910,-3.8984067171812056,0.5907835533143952,0.40947265625
1995,123.83969917,46,985.43,47,395264,0.05698608,0.0003,-0.00867987796664238,0.2,-0.014426656333671416,0.8903495669364929,0.981001079082489,1920,-3.8719175301492212,0.6100939426687546,0.339892578125
2033,116.49595111000001,47,985.43,47,397312,0.94037914,0.0003,0.06543891876935959,0.2,-0.023522551944915905,0.8882771134376526,0.8888994455337524,1930,-3.863880969583988,1.8774020945071244,0.44755859375
2067,113.88093371000001,48,985.43,47,399360,0.09360796,0.0003,0.06010507792234421,0.2,-0.020021135214483364,0.8953295350074768,0.976253092288971,1940,-3.875564181804657,0.3762078911007848,0.336376953125
2102,111.01103652,49,985.43,47,401408,0.046758823,0.0003,0.035469088703393936,0.2,-0.00983984839549521,0.9000300765037537,0.9681142568588257,1950,-3.885163979232311,0.44070670469664036,0.32861328125
50,110.21042702999999,1,985.43,40,403456,0.09534462,0.0003,0.06317990273237228,0.2,0.008790058075101114,0.9000956416130066,0.8993884921073914,1960,-3.8945116087794305,1.5443989594234153,0.500048828125
126,107.27597804999998,2,985.43,32,405504,0.056897856,0.0003,0.006853554397821426,0.2,-0.014187455743376631,0.8986888527870178,0.9479091763496399,1970,-3.8883716233074663,0.7405451628612354,0.3431640625
3644,104.62553584,3,985.43,1,407552,0.056697786,0.0003,0.07687998563051224,0.2,0.0012814380956115202,0.8988916277885437,0.9493425488471985,1980,-3.8922694958746433,0.9379045828711241,0.37705078125
3722,102.17353644,4,985.43,2,409600,0.13404205,0.0003,0.05034985393285751,0.2,-0.007272744162764866,0.8985679149627686,0.97614586353302,1990,-3.8934740275144577,0.5130767762893811,0.337109375
3801,94.18521438999998,5,981.17,2,411648,0.081028596,0.0003,-0.008611612021923065,0.2,-0.0070368319604313,0.9019124507904053,0.9814992547035217,2000,-3.904614145308733,0.36433704720111565,0.421435546875
3879,89.09094585999998,6,981.17,3,413696,0.82159704,0.0003,0.1181938648223877,0.2,0.003934949560425593,0.900848388671875,0.9623040556907654,2010,-3.9075676538050175,0.8966651579015888,0.403662109375
3944,86.39434322,7,981.17,3,415744,0.08857794,0.0003,-0.016950136050581932,0.2,-0.021950323147029847,0.9001573920249939,0.9678784608840942,2020,-3.9104881048202516,0.38209092054748905,0.396826171875
4030,86.77559723,8,981.17,4,417792,0.09406385,0.0003,-0.029987432062625885,0.2,-0.007344745477894321,0.8889942169189453,0.9534669518470764,2030,-3.890802825242281,0.7042510264203884,0.413134765625
4090,81.99749605000001,9,981.17,4,419840,0.07108338,0.0003,0.04975798726081848,0.2,0.0037446467511472294,0.8883089423179626,0.9446405172348022,2040,-3.872643257677555,1.3542856658576057,0.381298828125
4136,80.63400027,10,981.17,4,421888,0.058011122,0.0003,0.03468554839491844,0.2,0.012348094720073277,0.8838375210762024,0.9489906430244446,2050,-3.8640180200338365,0.820884432864841,0.3759765625
4171,79.9650941,11,981.17,5,423936,0.06574538,0.0003,0.052847810089588165,0.2,-0.007992738374741747,0.886995792388916,0.9816890954971313,2060,-3.8602923855185507,0.314969176473096,0.330712890625
4214,74.74147749,12,981.17,5,425984,0.090086676,0.0003,0.015937313437461853,0.2,-0.008927581101306713,0.8869516253471375,0.9688172340393066,2070,-3.864858304709196,0.6348054291796871,0.435595703125
4255,71.84576455999999,13,981.17,6,428032,0.07791109,0.0003,0.0041633471846580505,0.2,-0.013242724997689947,0.8788650631904602,0.9747404456138611,2080,-3.850688511133194,0.4748500294110272,0.37587890625
4292,71.2275411,14,981.17,6,430080,0.06214176,0.0003,0.024919457733631134,0.2,-0.004963923394097946,0.8853945732116699,0.9742172956466675,2090,-3.8471944712102415,0.5787642781506293,0.39501953125
4338,68.63907612,15,981.17,7,432128,0.103967845,0.0003,0.3069506287574768,0.2,0.029823085240786897,0.8880206942558289,0.8846452236175537,2100,-3.8652064338326455,2.93051461125724,0.466015625
4372,65.38184648,16,981.17,7,434176,0.12787902,0.0003,0.158756822347641,0.2,0.010349962931650225,0.887454092502594,0.9477896690368652,2110,-3.869010055810213,2.0995247369864956,0.39755859375
4413,63.55900499000001,17,981.17,7,436224,0.11940085,0.0003,0.1393192857503891,0.2,0.00043492489057825876,0.8881228566169739,0.964643657207489,2120,-3.8742253839969636,0.9721247617504559,0.37763671875
4463,62.95465920000001,18,981.17,8,438272,0.08039823,0.0003,0.1033640056848526,0.2,0.0030202152753190602,0.8846963047981262,0.9578477740287781,2130,-3.8640678226947784,2.8691709202248603,0.4484375
4506,60.85157704,19,981.17,8,440320,0.4090851,0.0003,-0.031792547553777695,0.2,-0.022005864535458386,0.8798684477806091,0.9733315706253052,2140,-3.8515853606164456,0.6809207592683378,0.372998046875
4546,59.7428415,20,981.17,9,442368,0.19338915,0.0003,0.3020004332065582,0.2,0.008114844748342875,0.883105456829071,0.9615568518638611,2150,-3.8471983179450033,2.6464527233038098,0.49306640625
4592,62.06691737999999,21,981.17,9,444416,0.08348143,0.0003,0.05265811085700989,0.2,-0.01245281132432865,0.874373733997345,0.9711273312568665,2160,-3.846143314242363,0.7194966570241377,0.3869140625
4631,64.53667965999999,22,981.17,9,446464,0.200346,0.0003,0.09691333770751953,0.2,0.018660118417756166,0.8730419278144836,0.939827024936676,2170,-3.821428648382425,4.592696307180449,0.563720703125
4662,69.58575645,23,981.17,10,448512,0.09958885,0.0003,0.18565018475055695,0.2,0.004909799387678504,0.8761658072471619,0.948415994644165,2180,-3.8294864133000375,2.244459514319897,0.416064453125
4693,69.58360342,24,981.17,10,450560,0.45025486,0.0003,0.6986757516860962,0.2,0.020711417932761832,0.8740038871765137,0.936977744102478,2190,-3.8247589714825154,9.252348092384636,0.559765625
4724,69.00302379,25,981.17,10,452608,2.1423516,0.0003,0.03924492746591568,0.2,-0.009897538900258952,0.8647605776786804,0.9774928092956543,2200,-3.810638313740492,0.7420428257551975,0.52373046875
4755,69.11827229,26,981.17,11,454656,0.17563063,0.0003,0.2878335416316986,0.2,0.038307730385713515,0.8684703707695007,0.9408624172210693,2210,-3.7978888526558876,5.364033395145088,0.53916015625
4786,65.46526315,27,981.17,11,456704,0.31315696,0.0003,0.3251034915447235,0.2,0.004987649694521678,0.873388946056366,0.9452531933784485,2220,-3.813902173191309,3.564525957405567,0.444189453125
4816,64.30527246999999,28,981.17,11,458752,0.7313391,0.0003,0.0991210788488388,0.2,0.025179712971294066,0.8717792630195618,0.9311476945877075,2230,-3.8183361954987047,3.0142354624695145,0.449609375
4858,65.03582175000001,29,981.17,12,460800,0.20868252,0.0003,0.9921901226043701,0.2,0.054483234096551314,0.8774232864379883,0.86531662940979,2240,-3.823124907910824,12.38415046427399,0.506640625
4900,58.70634965,30,981.17,12,462848,0.105839826,0.0003,0.6629851460456848,0.2,0.07416447373980191,0.8834471106529236,0.8315317034721375,2250,-3.8440012514591215,4.360640870500356,0.425048828125
4944,58.794820760000015,31,981.17,12,464896,0.094823,0.0003,0.2316867709159851,0.2,0.010811736917457893,0.8726450800895691,0.821599543094635,2260,-3.842554032802582,1.5495647349162027,0.3998046875
4987,56.34945426000001,32,987.48,13,466944,0.20667541,0.0003,0.1791570782661438,0.2,0.011353166269691429,0.8781208992004395,0.9031484723091125,2270,-3.8313659980893133,2.4243570352671666,0.50234375
5025,49.90158105,33,987.48,13,468992,0.032765977,0.0003,0.15315558016300201,0.2,0.00569155349076027,0.8765789866447449,0.9485923051834106,2280,-3.838933825492859,0.40314516850048676,0.341845703125
5065,49.53225381,34,987.48,13,471040,0.098500416,0.0003,0.05514126271009445,0.2,-0.005442635563667864,0.8760263323783875,0.9534677267074585,2290,-3.8389605924487116,0.5232031084713527,0.301123046875
5104,47.14674997,35,987.48,14,473088,0.035445523,0.0003,0.02694045379757881,0.2,0.0025148347776848823,0.8741078972816467,0.9401604533195496,2300,-3.8273943245410917,0.7219650675775483,0.257470703125
5146,45.502779229999994,36,987.48,14,475136,0.09019341,0.0003,0.1440080851316452,0.2,0.007267988799139857,0.8737913966178894,0.9017042517662048,2310,-3.8224149726331236,0.8300808995380067,0.240673828125
5187,43.55931583999999,37,987.48,14,477184,0.026764993,0.0003,0.006869211792945862,0.2,-0.0140891238785116,0.8668653964996338,0.8585261702537537,2320,-3.8023959688842295,0.23056794587755575,0.2125
5230,37.773421479999996,38,987.48,14,479232,0.024599016,0.0003,0.03805937245488167,0.2,-0.012642807447264204,0.8731184005737305,0.9525517225265503,2330,-3.810928937792778,0.20962452775565907,0.20078125
5270,36.42459717,39,992.42,15,481280,0.01252033,0.0003,0.10674288123846054,0.2,-0.00896716295974329,0.8754794597625732,0.9134969711303711,2340,-3.8217611730098726,0.26035006413585504,0.1673828125
5309,32.04164988,40,991.34,15,483328,0.14161065,0.0003,0.07640871405601501,0.2,-0.008473724260693417,0.8715301156044006,0.9091591238975525,2350,-3.8188507333397865,0.5917170621920377,0.27001953125
5344,28.67339787,41,991.34,15,485376,0.8955966,0.0003,0.020931966602802277,0.2,-0.023129967031854902,0.8711497783660889,0.6234738826751709,2360,-3.8068110518157483,1.970031504984945,0.2140625
5385,25.913900710000004,42,991.34,15,487424,0.13569114,0.0003,0.060615405440330505,0.2,-0.0148958457284607,0.8765297532081604,0.9232045412063599,2370,-3.8134974956512453,0.6284089482855052,0.26669921875
5430,25.53540779,43,991.34,16,489472,0.025530148,0.0003,0.12520255148410797,0.2,-0.007282700433279388,0.8772514462471008,0.9502658247947693,2380,-3.8220436185598374,0.27118467799155044,0.195654296875
5473,26.89808468,44,991.34,16,491520,0.15987729,0.0003,0.07490549981594086,0.2,-0.0026998237037332727,0.8771054148674011,0.915803849697113,2390,-3.8222231343388557,1.7802917673019691,0.45068359375
5508,29.30236361,45,994.66,16,493568,2.0795364,0.0003,0.21811828017234802,0.2,0.10510956939833704,0.8737194538116455,0.7622017860412598,2400,-3.8152467906475067,3.8256572305690497,0.69912109375
5551,29.15416012,46,994.66,16,495616,0.23296697,0.0003,0.07090707123279572,0.2,-0.00047583113919245077,0.871852695941925,0.9167083501815796,2410,-3.8075487978756426,1.8844899903284387,0.5076171875
5589,35.49668899,47,994.66,17,497664,0.09590496,0.0003,0.15315081179141998,0.2,0.00966484976670472,0.8746485114097595,0.9366254210472107,2420,-3.8068335123360155,2.1686665434390306,0.49150390625
5628,40.06298640000001,48,994.66,17,499712,0.13419278,0.0003,0.23652592301368713,0.2,0.02843520686874399,0.8782171607017517,0.9333025813102722,2430,-3.817743120342493,5.446171442745253,0.52509765625
5667,46.46168183,49,994.66,17,501760,0.3342909,0.0003,0.7799506783485413,0.2,0.019288503513962496,0.8798748850822449,0.9465668797492981,2440,-3.8283918209373953,6.528770549595356,0.53095703125
26,50.210235409999996,1,987.97,77,503808,0.1117675,0.0003,0.4678034484386444,0.2,0.014093278376094531,0.8788945078849792,0.9555843472480774,2450,-3.8285123974084856,5.99693360645324,0.525244140625
62,57.406653479999996,2,987.97,65,505856,1.7537537,0.0003,0.5894187688827515,0.2,-0.0017170808059745468,0.8774448037147522,0.9469801187515259,2460,-3.82617893666029,7.079355782549828,0.507568359375
96,64.95665896999999,3,987.97,63,507904,0.59765446,0.0003,1.1191024780273438,0.2,0.03932696800038684,0.8790401816368103,0.9272721409797668,2470,-3.8248188734054565,12.185492769442499,0.670166015625
130,74.29909254,4,984.57,62,509952,0.15666872,0.0003,0.863364040851593,0.2,0.05737917051592376,0.8798996806144714,0.9318764805793762,2480,-3.829533327370882,9.415001603215932,0.559619140625
163,78.49433103999999,5,984.57,62,512000,0.9304365,0.0003,0.43770918250083923,0.2,0.027658732191775927,0.881776750087738,0.9329848885536194,2490,-3.836019068211317,8.578773583471776,0.574462890625
197,81.54714558,6,984.57,62,514048,0.23844096,0.0003,0.773650586605072,0.2,0.023671365235350093,0.8841579556465149,0.9715142250061035,2500,-3.8436572171747683,7.377580726146698,0.553564453125
231,81.75536816,7,984.57,61,516096,0.24739486,0.0003,0.23593933880329132,0.2,0.014879748497332913,0.8869909644126892,0.9546144604682922,2510,-3.8537041679024697,5.3011623146012425,0.524853515625
265,89.14398997999999,8,984.57,61,518144,0.1474577,0.0003,0.2898320257663727,0.2,0.02983675047435099,0.888725996017456,0.9599425196647644,2520,-3.856911000609398,4.08623215877451,0.524365234375
300,94.41898683999997,9,984.57,61,520192,0.3932943,0.0003,0.9776356816291809,0.2,0.08129770844825543,0.8883340954780579,0.9281646609306335,2530,-3.8580097176134585,13.802290014922619,0.614599609375
336,97.89218595,10,984.57,60,522240,0.14650218,0.0003,0.5365339517593384,0.2,0.0008055407815845683,0.8860060572624207,0.972431480884552,2540,-3.8581205308437347,3.5724629518110307,0.43037109375
367,100.45180665,11,984.57,61,524288,0.26021284,0.0003,0.1707039326429367,0.2,0.010988335938600357,0.8931750655174255,0.9778508543968201,2550,-3.859930929541588,4.039887877646834,0.476708984375
398,104.59941244000001,12,984.57,61,526336,0.5783637,0.0003,0.28167784214019775,0.2,0.0077363529271679,0.894742488861084,0.9787653088569641,2560,-3.8798086158931255,3.149269163701683,0.50673828125
428,107.59725345000001,13,984.57,62,528384,0.39095333,0.0003,0.7836226224899292,0.2,0.02152136141885421,0.9006883502006531,0.9592968225479126,2570,-3.890235637873411,7.674546955525875,0.616650390625
458,113.89183016999999,14,977.64,62,530432,0.26938808,0.0003,0.8930888772010803,0.2,0.021544266214186793,0.9012596011161804,0.9611907005310059,2580,-3.9061498038470743,8.564778074994683,0.536669921875
493,118.81264582,15,970.02,62,532480,2.8699627,0.0003,0.8322054743766785,0.2,0.004119236444239505,0.9027547240257263,0.958706259727478,2590,-3.910332990437746,10.342204653285444,0.526123046875
528,125.94463897,16,970.02,62,534528,0.83033377,0.0003,0.48204874992370605,0.2,0.01790033689030679,0.9049552083015442,0.9282742738723755,2600,-3.916462477296591,10.017380355112255,0.564794921875
565,130.70994646,17,970.02,61,536576,0.1637026,0.0003,0.3600701689720154,0.2,0.036408412296441386,0.9050748944282532,0.9451739192008972,2610,-3.9190924011170862,5.973906519822776,0.59658203125
603,132.05015824,18,970.02,61,538624,0.94899505,0.0003,0.6702709197998047,0.2,0.039458922680205434,0.9094098210334778,0.9569146037101746,2620,-3.9275366716086864,8.541950953193009,0.60888671875
636,129.46298932000002,19,962.25,61,540672,0.25669712,0.0003,0.5737931728363037,0.2,0.018871726215002126,0.8993573188781738,0.9666605591773987,2630,-3.925551474839449,4.400911486707628,0.5
666,128.78520402,20,962.25,61,542720,1.2585803,0.0003,0.7997912764549255,0.2,0.01226252619017032,0.9068215489387512,0.9468139410018921,2640,-3.921545336395502,8.309098980668931,0.543212890625
697,123.14371466,21,954.83,61,544768,0.47577715,0.0003,0.1040983647108078,0.2,0.030547811911674216,0.9122347831726074,0.967101514339447,2650,-3.950120086222887,1.838350593019277,0.573193359375
733,125.66197149000001,22,954.83,61,546816,1.2434769,0.0003,0.24437406659126282,0.2,0.003581190836848691,0.9106270670890808,0.9306095838546753,2660,-3.950409807264805,5.238952826429158,0.535009765625
771,125.08553284999999,23,947.37,61,548864,0.25734198,0.0003,0.7004409432411194,0.2,0.016933494788827375,0.9240894317626953,0.9354934692382812,2670,-3.969185955822468,5.273969881935045,0.50107421875
808,128.18488354000002,24,947.37,60,550912,0.50863165,0.0003,0.7507266402244568,0.2,0.01647875085909618,0.9283156394958496,0.9300447702407837,2680,-4.001042068004608,5.450697364658117,0.463232421875
845,131.92625097,25,947.37,60,552960,0.13356532,0.0003,0.26828068494796753,0.2,0.0232495572330663,0.9360849857330322,0.9704607725143433,2690,-4.0183279231190685,3.2172320733778177,0.513525390625
882,129.34441264,26,947.37,60,555008,0.7187234,0.0003,1.756592035293579,0.2,0.022093348180351313,0.9401769638061523,0.9537621736526489,2700,-4.035556231439114,10.973004127666353,0.550244140625
920,135.88963048000002,27,947.37,60,557056,0.1859166,0.0003,0.2101137489080429,0.2,0.031433100975118575,0.9452393054962158,0.9258354306221008,2710,-4.056159551441669,2.489251234708354,0.386279296875
957,147.63971274000002,28,947.37,59,559104,0.45470008,0.0003,0.28335559368133545,0.2,0.04897714680992067,0.9484481811523438,0.8975647687911987,2720,-4.069794946908951,9.289345531910659,0.610009765625
994,158.14704962,29,947.37,59,561152,0.18148276,0.0003,0.8617428541183472,0.2,0.04755950441613095,0.9502832889556885,0.8841919302940369,2730,-4.081061318516731,11.146906488388776,0.510498046875
1031,167.46149042000005,30,947.37,59,563200,0.7222219,0.0003,0.5370479822158813,0.2,0.031666558838333005,0.9552822113037109,0.9637523293495178,2740,-4.0962159723043445,8.299081636220217,0.607177734375
1068,171.21142429000002,31,947.37,59,565248,0.5076088,0.0003,1.5490014553070068,0.2,0.04554853648151038,0.9634485244750977,0.9179630279541016,2750,-4.116828420758248,12.956939022615552,0.61787109375
1105,179.12013534000005,32,947.37,59,567296,0.41524622,0.0003,0.021552674472332,0.2,0.0033578405949810986,0.9726741313934326,0.9855026602745056,2760,-4.153505486249924,1.017813411494717,0.40068359375
1142,183.48375270000005,33,947.37,59,569344,0.41537488,0.0003,0.23840667307376862,0.2,0.029887319152476267,0.9707649350166321,0.9589225053787231,2770,-4.152620634436607,5.356323117390275,0.5232421875
1180,195.92911159000002,34,947.37,59,571392,0.38723832,0.0003,0.3753730356693268,0.2,0.04933702081907541,0.983104407787323,0.9306483268737793,2780,-4.171641084551811,7.147680654563009,0.60185546875
1216,204.36653622000003,35,947.37,58,573440,0.35915324,0.0003,0.7422912120819092,0.2,0.008658254098554608,0.9823572039604187,0.939151406288147,2790,-4.187638707458973,7.1251069504767655,0.55302734375
1254,216.68095989000005,36,947.37,58,575488,0.29302853,0.0003,0.45749449729919434,0.2,-0.0009545010863803328,0.98392254114151,0.9713536500930786,2800,-4.194741660356522,5.441493630316108,0.53037109375
1291,224.71002792000002,37,948.45,58,577536,0.1700623,0.0003,0.9837818145751953,0.2,0.05773510138387792,0.9962789416313171,0.7605569958686829,2810,-4.210633896291256,10.353890674561262,0.614208984375
1327,233.13668678,38,948.45,58,579584,0.14927614,0.0003,0.6407302618026733,0.2,0.012302767930668779,0.9876318573951721,0.9288362860679626,2820,-4.218485894799232,7.061710553057492,0.47451171875
1364,242.71480984000002,39,948.45,58,581632,0.21652213,0.0003,0.729830801486969,0.2,0.0384304987048381,0.9994010329246521,0.9353734254837036,2830,-4.221148250997066,6.695366525277495,0.554833984375
1402,251.84607637000002,40,941.9,58,583680,0.10086715,0.0003,0.9725848436355591,0.2,0.014530805384856649,1.0063109397888184,0.7811307311058044,2840,-4.247814492881298,7.698967721872032,0.50458984375
1440,258.5131842,41,941.9,58,585728,1.2435267,0.0003,0.5333445072174072,0.2,0.014602410687075462,1.0022534132003784,0.8834187984466553,2850,-4.255603021383285,7.382950086332857,0.554052734375
1477,264.90217959,42,941.9,58,587776,0.14689067,0.0003,0.5875040888786316,0.2,0.023385101745952853,1.0010005235671997,0.880872905254364,2860,-4.244529451429844,5.610943127609789,0.54140625
1514,270.1592749,43,941.9,58,589824,0.12162115,0.0003,0.6105352640151978,0.2,0.00921261140028946,1.0051774978637695,0.912507176399231,2870,-4.249151992797851,6.741290528699755,0.48447265625
1550,270.89711253999997,44,941.9,58,591872,0.19041249,0.0003,0.6672216057777405,0.2,0.026764151513634715,1.0132577419281006,0.908334493637085,2880,-4.267165313661098,6.6784891342744235,0.54228515625
1587,273.63125218,45,941.9,58,593920,0.4533979,0.0003,1.117490530014038,0.2,0.015590046296711079,1.0160363912582397,0.8568251132965088,2890,-4.287964625656604,5.4000099433586,0.54599609375
3646,274.85218222,46,941.9,25,595968,0.17165898,0.0003,0.8126917481422424,0.2,0.012029031620477327,1.0115293264389038,0.9376302361488342,2900,-4.2833253145217896,6.802028658241033,0.5193359375
3675,274.18159583,47,941.9,26,598016,0.1982148,0.0003,0.32105615735054016,0.2,-0.0010769257103675045,1.0075111389160156,0.9377145767211914,2910,-4.267975537478923,4.17564401589334,0.4484375
3705,276.30568746999995,48,948.59,26,600064,0.07600054,0.0003,0.4070754647254944,0.2,-0.0043424420917290265,1.0044511556625366,0.8981594443321228,2920,-4.258605243265629,4.216400062292815,0.44716796875
3735,272.79317494,49,948.59,26,602112,0.10148257,0.0003,0.7340238094329834,0.2,0.0007351797670708038,0.9999024271965027,0.928464949131012,2930,-4.238741956651211,3.4923101193271577,0.46435546875
19,268.44599592,1,948.59,103,604160,0.08062766,0.0003,0.40886735916137695,0.2,0.004843441472621635,0.9984992146492004,0.9081175923347473,2940,-4.236433735489845,4.809881508722901,0.43408203125
49,281.70685102,2,956.25,82,606208,0.10909146,0.0003,0.8164736032485962,0.2,0.010514607056393288,1.0085067749023438,0.8485680818557739,2950,-4.244782665371895,7.346219321899116,0.506201171875
80,281.64243766,3,956.25,76,608256,0.111419186,0.0003,1.165649175643921,0.2,0.027282747268327513,1.0033211708068848,0.9145335555076599,2960,-4.252534793317318,8.430322789028287,0.499755859375
110,288.45287057999997,4,956.25,74,610304,0.11061145,0.0003,0.2583203911781311,0.2,0.01278291458147578,1.0062999725341797,0.9481094479560852,2970,-4.251623824238777,3.7872069858945907,0.505712890625
140,294.22234568,5,956.25,72,612352,0.13702068,0.0003,0.46253979206085205,0.2,0.0034075181232765318,1.0085312128067017,0.9213967323303223,2980,-4.263412480056286,5.311016107723117,0.507421875
170,293.96190198,6,956.25,72,614400,0.10612003,0.0003,0.628637433052063,0.2,0.016662855581671465,1.003567099571228,0.8308993577957153,2990,-4.2560613542795185,7.627041928470135,0.5123046875
200,298.70638038,7,956.25,71,616448,0.09849204,0.0003,0.4882626235485077,0.2,0.01335849716415396,1.0019675493240356,0.9413002133369446,3000,-4.2442377969622616,4.369001238420606,0.442626953125
6702,301.49048801,8,956.25,2,618496,0.08131107,0.0003,0.6001371741294861,0.2,0.01628145568247419,1.0084021091461182,0.9418010115623474,3010,-4.2498189330101015,6.01096831522882,0.46220703125
6739,308.10204471000003,9,956.25,2,620544,0.12486587,0.0003,0.2347838580608368,0.2,0.01216825503797736,1.0044026374816895,0.9686893820762634,3020,-4.254792866110802,4.253871742542833,0.460791015625
6775,312.60343684,10,956.25,3,622592,0.11037441,0.0003,0.8868106007575989,0.2,0.013276489282725379,1.0002797842025757,0.8765270113945007,3030,-4.242846187949181,10.166092289984226,0.50810546875
6811,308.3573054,11,956.25,3,624640,0.22027469,0.0003,0.38219720125198364,0.2,0.009696013767097611,1.0033079385757446,0.9127157926559448,3040,-4.243986582756042,7.437331915274262,0.54169921875
6848,316.69077078000004,12,963.18,3,626688,0.25276262,0.0003,0.6788032650947571,0.2,0.009732332840212621,1.008879542350769,0.9286330938339233,3050,-4.254335328936577,5.247161304578185,0.524169921875
6884,318.54923687,13,970.8,3,628736,0.09863899,0.0003,0.30079901218414307,0.2,0.02006437380623538,1.0192967653274536,0.9555261731147766,3060,-4.279740829765797,4.930011763609945,0.4884765625
6920,320.98876755000003,14,970.8,4,630784,0.1018313,0.0003,0.5775088667869568,0.2,0.01621469148376491,1.02566397190094,0.9442868828773499,3070,-4.30676521807909,5.289762986823916,0.4740234375
6958,318.59071776,15,970.8,4,632832,0.12004952,0.0003,0.6154824495315552,0.2,0.009566466799878982,1.0395662784576416,0.9637834429740906,3080,-4.333333213627339,5.631384382024407,0.432958984375
6995,317.026928,16,970.8,4,634880,0.13961604,0.0003,0.2592182159423828,0.2,0.002971860897378065,1.0453200340270996,0.9730746150016785,3090,-4.36180192232132,2.7574428797699513,0.431640625
7032,314.92682656,17,970.8,4,636928,0.22800775,0.0003,0.23207980394363403,0.2,0.03349078831815859,1.0465167760849,0.9733928442001343,3100,-4.372157129645347,2.4932364359498025,0.442822265625
7069,317.59387079000004,18,978.57,5,638976,0.24203464,0.0003,0.032671377062797546,0.2,0.0013137309972080403,1.036298394203186,0.9801328778266907,3110,-4.3583536028862,1.1166041513439269,0.456591796875
7106,321.92412766000007,19,978.57,5,641024,0.10808873,0.0003,0.4740625023841858,0.2,0.016113975197367836,1.0333051681518555,0.9435605406761169,3120,-4.336256755888462,4.761832299083471,0.4904296875
7143,322.75642671,20,978.57,5,643072,0.11944712,0.0003,0.31728118658065796,0.2,0.0075530245580011975,1.0389376878738403,0.9404319524765015,3130,-4.34066204726696,4.9792054132558405,0.386865234375
7179,327.1327035,21,985.99,5,645120,0.07614447,0.0003,0.09091196209192276,0.2,0.003844608952931594,1.0417331457138062,0.9774140119552612,3140,-4.355854375660419,1.9159270377829671,0.358642578125
7217,328.87383479999994,22,993.45,6,647168,0.21821761,0.0003,0.0506443977355957,0.2,0.0027023421564081216,1.046544075012207,0.980039119720459,3150,-4.368467831611634,2.668942939909175,0.385546875
7254,329.23847329999995,23,993.45,6,649216,0.19257179,0.0003,0.43611955642700195,0.2,0.01767941933721886,1.0476834774017334,0.9646661281585693,3160,-4.377621175348759,4.970919411722571,0.413720703125
7292,328.50390868,24,993.45,6,651264,0.10058193,0.0003,0.4710628390312195,0.2,0.011108228463854175,1.0431684255599976,0.9754540920257568,3170,-4.375502762198448,2.3351903376635166,0.368017578125
7327,329.28092363,25,993.45,6,653312,0.21107256,0.0003,0.28179067373275757,0.2,0.001266425516223535,1.0406486988067627,0.9691157937049866,3180,-4.367109140753746,2.902941358089447,0.4376953125
8795,333.62570599,26,993.45,6,655360,0.25872675,0.0003,0.2508079409599304,0.2,0.02811104824359063,1.0450079441070557,0.9326545596122742,3190,-4.374044470489025,4.404740605689585,0.49541015625
8879,323.85130580000003,27,993.45,6,657408,0.10205147,0.0003,0.3774464428424835,0.2,0.008397016165690729,1.0445408821105957,0.9291974902153015,3200,-4.380091339349747,6.911757282726467,0.446044921875
8961,322.31663381,28,993.45,6,659456,0.13188401,0.0003,0.11275050044059753,0.2,0.00860572274104925,1.054943561553955,0.9529588222503662,3210,-4.387014427781105,3.352375935111195,0.48642578125
9043,312.78015659,29,993.45,6,661504,0.08266791,0.0003,0.20802603662014008,0.2,-0.003128845602623187,1.0481582880020142,0.9778344035148621,3220,-4.397360010445118,2.1909102368168534,0.36162109375
13601,315.30230817,30,993.45,4,663552,0.12742867,0.0003,0.140777587890625,0.2,0.0018018539805780165,1.0546932220458984,0.9722370505332947,3230,-4.394013519585132,3.1475135860964656,0.379248046875
13671,317.28204388,31,993.45,4,665600,0.29094148,0.0003,0.4030205011367798,0.2,0.02693312567571411,1.0549408197402954,0.9464647173881531,3240,-4.401988880336285,8.28546375501901,0.5705078125
13747,311.03372924,32,993.45,4,667648,0.24444509,0.0003,0.03521241620182991,0.2,0.0026456577717908656,1.0604599714279175,0.9772504568099976,3250,-4.415579479932785,1.1976215684320777,0.381298828125
13815,305.87136699,33,993.45,4,669696,0.102190524,0.0003,0.04551299661397934,0.2,0.0013410059676971287,1.0675240755081177,0.9793943762779236,3260,-4.432028007507324,1.0873896806268022,0.334423828125
13888,304.590432,34,993.45,5,671744,0.116215475,0.0003,0.4397180378437042,0.2,0.025257457356201485,1.0728888511657715,0.8684123754501343,3270,-4.444521455466747,6.216081439703703,0.4791015625
13965,303.39996307999996,35,993.45,5,673792,0.1402255,0.0003,0.2512732744216919,0.2,0.006883912198827602,1.071466088294983,0.9101847410202026,3280,-4.4511168375611305,5.47169334013015,0.422314453125
14042,297.41954387,36,993.45,5,675840,0.12540951,0.0003,0.7930359244346619,0.2,0.04154000243288465,1.0733896493911743,0.34581971168518066,3290,-4.453801347315311,6.240408206731081,0.5681640625
14117,293.24228872000003,37,993.45,5,677888,0.09120758,0.0003,0.22277387976646423,0.2,-0.009158737094548997,1.0716793537139893,0.9150063395500183,3300,-4.45718429684639,2.9509317429736255,0.4013671875
14186,291.81251981,38,993.45,5,679936,0.09178366,0.0003,0.4156586229801178,0.2,0.0016444652792415582,1.0665533542633057,0.7946059107780457,3310,-4.443196605145931,3.729500294663012,0.47119140625
14250,289.50666551,39,993.45,5,681984,0.12960327,0.0003,0.31943953037261963,0.2,0.010308764072397026,1.06700599193573,0.8943963050842285,3320,-4.438987697660923,5.187594679929316,0.44755859375
14314,292.72579529,40,1000.0,5,684032,0.17029533,0.0003,0.8327363133430481,0.2,0.029873626405606046,1.0698014497756958,0.7998685836791992,3330,-4.441519504785537,5.736095910519362,0.597998046875
14387,289.27689777999996,41,1000.0,5,686080,0.1709713,0.0003,0.5338972806930542,0.2,0.0007888072927016765,1.065157413482666,0.9165857434272766,3340,-4.440541273355484,5.012442069593817,0.4783203125
14458,286.71716237,42,1000.0,5,688128,0.19384687,0.0003,0.06645709276199341,0.2,0.013861397406435572,1.0690566301345825,0.9179324507713318,3350,-4.441302947700024,2.479828057438135,0.517138671875
14522,286.35041053000003,43,1000.0,6,690176,0.26479858,0.0003,0.13765525817871094,0.2,-0.006315682730928529,1.061646580696106,0.9152436852455139,3360,-4.436368903517723,3.688831132557243,0.488720703125
14593,281.62260736,44,1000.0,6,692224,0.13915513,0.0003,0.37722069025039673,0.2,0.014457617870357353,1.0610994100570679,0.9424147009849548,3370,-4.424811187386513,3.233378022443503,0.44775390625
14660,278.53184962,45,1000.0,6,694272,0.10638271,0.0003,0.10712935030460358,0.2,-0.0015618674748111515,1.0619536638259888,0.926497220993042,3380,-4.434343661367893,2.1594874505419286,0.484619140625
14731,279.16613075000004,46,1000.0,6,696320,0.15658636,0.0003,0.4047963321208954,0.2,0.019713062814844307,1.0619451999664307,0.9019479155540466,3390,-4.4244579583406445,6.6065000696107745,0.537353515625
14795,279.09596083,47,1000.0,6,698368,0.15636128,0.0003,0.3202430307865143,0.2,0.008281627635005862,1.0612798929214478,0.9439253807067871,3400,-4.423167382180691,4.123201978486032,0.419287109375
14861,278.66008776,48,1000.0,6,700416,0.09785923,0.0003,0.5084425806999207,0.2,0.027489176717062948,1.0700448751449585,0.930523157119751,3410,-4.437428447604179,4.712877586577088,0.484228515625
14932,275.58497772000004,49,1000.0,6,702464,0.16824603,0.0003,0.36447879672050476,0.2,0.004043126887700055,1.0663763284683228,0.9389421343803406,3420,-4.4476923704147335,4.296249107085169,0.464501953125
26,269.41838235,1,1000.0,78,704512,0.16783266,0.0003,0.49904605746269226,0.2,-0.000343188681290485,1.0690138339996338,0.951795756816864,3430,-4.44626701027155,3.563950336817652,0.41845703125
68,266.58268706,2,1000.0,60,706560,0.17371167,0.0003,0.315153032541275,0.2,0.01349460218771128,1.0762141942977905,0.9497900605201721,3440,-4.45606350749731,3.127331236936152,0.445263671875
110,270.46483917999996,3,1000.0,55,708608,0.23355488,0.0003,0.6576773524284363,0.2,0.04057964436942711,1.0737947225570679,0.9123801589012146,3450,-4.46243874579668,11.345930580422282,0.510009765625
153,268.58990745999995,4,1000.0,53,710656,0.19523425,0.0003,2.33162784576416,0.2,0.04581794716505101,1.0810179710388184,0.6984436511993408,3460,-4.46475426107645,16.812206225097178,0.585888671875
192,259.69659974999996,5,1000.0,53,712704,0.18018599,0.0003,0.8233542442321777,0.2,0.024807215722830733,1.0835670232772827,0.9414768218994141,3470,-4.485348564386368,4.031115802843123,0.501708984375
228,264.14809909999997,6,1000.0,53,714752,0.78420603,0.0003,0.2385154664516449,0.2,0.02761885330255609,1.0855371952056885,0.9276202917098999,3480,-4.498512205481529,4.757245386810974,0.511865234375
263,258.58256363,7,1000.0,54,716800,0.2494809,0.0003,0.5756060481071472,0.2,0.03632821352075553,1.0811424255371094,0.862784743309021,3490,-4.490166586637497,6.422064295038581,0.598095703125
297,256.02351583,8,1000.0,55,718848,0.14930807,0.0003,0.16863012313842773,0.2,0.027116554585518315,1.086681604385376,0.9266304969787598,3500,-4.496962323784828,3.503032583091408,0.44677734375
331,252.74982263,9,1000.0,55,720896,0.14969033,0.0003,0.41996049880981445,0.2,0.020410576954600402,1.111194372177124,0.9569809436798096,3510,-4.533416038751602,3.227040696144104,0.4224609375
367,248.25084498000004,10,1000.0,55,722944,0.6765792,0.0003,0.47928476333618164,0.2,0.019955413549905644,1.1199208498001099,0.9547531008720398,3520,-4.5752864047884945,6.579347307793796,0.528125
403,244.05776496,11,1000.0,55,724992,0.20006627,0.0003,0.20603220164775848,0.2,0.031051626887528983,1.1345022916793823,0.9623371362686157,3530,-4.612468285858631,2.6132173963123932,0.512744140625
436,236.6085838,12,997.94,56,727040,0.16910261,0.0003,0.4072819948196411,0.2,0.011249860346288188,1.1275649070739746,0.9608120322227478,3540,-4.624985927343369,3.9830709318630397,0.434228515625
470,230.82834598999997,13,997.94,56,729088,2.073182,0.0003,0.7069193124771118,0.2,0.01856130766609567,1.1355743408203125,0.944550633430481,3550,-4.619636760652066,11.650280426070093,0.582763671875
503,229.0665785,14,997.94,56,731136,0.3204281,0.0003,0.30324405431747437,0.2,0.009649327746592462,1.1429396867752075,0.9747907519340515,3560,-4.646011660993099,2.2002019911073147,0.4076171875
537,225.76162251999997,15,994.97,57,733184,0.21410298,0.0003,0.11308793723583221,0.2,0.03551912626135163,1.152565360069275,0.9308856725692749,3570,-4.667445081472397,3.7954202962107955,0.47490234375
571,225.76008856,16,990.24,57,735232,0.60943234,0.0003,3.6245009899139404,0.2,0.029445184610813156,1.1490377187728882,0.939121663570404,3580,-4.674962189793587,8.31148629989475,0.492041015625
606,229.94728242000002,17,990.24,57,737280,0.3876062,0.0003,0.06219331920146942,0.2,0.02720707763946848,1.1625304222106934,0.9352266788482666,3590,-4.683379930257797,4.618575838813558,0.403955078125
640,225.8125137,18,985.23,57,739328,0.19356869,0.0003,0.31202131509780884,0.2,0.041999581567506536,1.1721497774124146,0.945020854473114,3600,-4.715888474881649,5.1659072620794175,0.483935546875
676,229.01177010000004,19,985.23,57,741376,0.38665476,0.0003,1.5128341913223267,0.2,0.03179704244612367,1.1742173433303833,0.9185597896575928,3610,-4.733112798631192,12.16682260427624,0.53310546875
717,229.52414238,20,985.23,57,743424,0.22550169,0.0003,0.5002636909484863,0.2,0.03217480579187395,1.1839977502822876,0.8269174098968506,3620,-4.750831086933613,5.913910640683025,0.566650390625
757,225.20883586,21,976.25,56,745472,0.27346992,0.0003,0.3584105968475342,0.2,0.007711519458098337,1.1777024269104004,0.9255046844482422,3630,-4.757520197331905,5.607514715194702,0.507421875
792,227.78608117,22,976.25,56,747520,1.3397517,0.0003,1.384995937347412,0.2,0.06941989376136917,1.1799585819244385,0.9225853085517883,3640,-4.745874910056591,15.376278874650598,0.671875
827,229.65663211000003,23,976.25,56,749568,0.27197847,0.0003,0.7327520847320557,0.2,0.04710612577473512,1.1883783340454102,0.9069347381591797,3650,-4.761507537961006,5.255301502440124,0.532373046875
862,229.20082664,24,976.25,57,751616,0.33466426,0.0003,0.9303901195526123,0.2,0.05501972494239453,1.2018622159957886,0.8524284958839417,3660,-4.785170345008373,16.392778902873395,0.6197265625
897,229.29715224000003,25,976.25,57,753664,0.32813075,0.0003,0.12911395728588104,0.2,0.005450531556562055,1.1880728006362915,0.8838382959365845,3670,-4.803939954936505,3.2476334867067633,0.560400390625
933,231.78784780999996,26,976.25,57,755712,0.49095684,0.0003,0.35274311900138855,0.2,0.027468237951688936,1.1830075979232788,0.9112967848777771,3680,-4.771266891062259,6.269879922550172,0.536474609375
969,229.48686547999998,27,976.25,57,757760,2.2323337,0.0003,0.24300545454025269,0.2,0.011695204186980845,1.1817611455917358,0.9464842677116394,3690,-4.764656846225262,2.7242580035701396,0.558056640625
1007,222.73659302000004,28,976.25,56,759808,0.22099373,0.0003,0.12704819440841675,0.2,-0.0019494046144245658,1.180580735206604,0.9296051263809204,3700,-4.755047243833542,1.8831606685649604,0.470751953125
1053,220.90392728999998,29,976.25,56,761856,0.28353554,0.0003,-0.0028076469898223877,0.2,-0.011251935550535563,1.1627527475357056,0.9687852263450623,3710,-4.740027551352978,0.6308671995531767,0.3462890625
1090,224.36887039,30,976.25,56,763904,0.32094502,0.0003,0.36477553844451904,0.2,0.04132883464772021,1.1651091575622559,0.8783684372901917,3720,-4.707076780498028,5.734179581701755,0.559765625
1125,224.73131973000002,31,976.25,56,765952,0.37702012,0.0003,0.21516352891921997,0.2,0.042834918826702054,1.1658635139465332,0.9385848045349121,3730,-4.712855294346809,3.3203648403286934,0.5744140625
1161,225.66913098000003,32,976.25,56,768000,0.64292663,0.0003,0.04370059072971344,0.2,-0.0024216318008257074,1.1658116579055786,0.9626237154006958,3740,-4.713688746094704,1.903303087200038,0.387451171875
1198,221.48055568000004,33,976.25,56,770048,0.32042646,0.0003,0.6138643026351929,0.2,0.05509678718663054,1.1646345853805542,0.8975032567977905,3750,-4.71300786882639,9.178168418258428,0.601171875
1234,220.75956093000002,34,976.25,56,772096,0.09460567,0.0003,0.1629917025566101,0.2,0.009858449271996505,1.167758822441101,0.9548222422599792,3760,-4.717407906055451,2.5291599893476815,0.359765625
1271,222.40146984999998,35,976.25,56,774144,0.51686865,0.0003,0.35402271151542664,0.2,0.0689629742235411,1.177282452583313,0.8810821175575256,3770,-4.731468120217324,8.319901498872786,0.62001953125
1311,214.60131765999998,36,976.25,56,776192,0.3087036,0.0003,0.4199286997318268,0.2,0.046282964208512564,1.1832250356674194,0.9112869501113892,3780,-4.750326010584831,7.373533775005489,0.55732421875
1348,211.16015288999998,37,976.25,56,778240,0.3543199,0.0003,0.012876652181148529,0.2,0.006329561449820176,1.1719862222671509,0.9411672353744507,3790,-4.75218219012022,1.6931660066824405,0.422021484375
1384,204.41258799,38,976.25,56,780288,0.6065965,0.0003,-0.006416305899620056,0.2,0.020480401112945402,1.1772176027297974,0.8886509537696838,3800,-4.745653769373893,1.4946844364749268,0.4845703125
1419,198.97928347,39,976.25,56,782336,0.4233238,0.0003,0.13948673009872437,0.2,-0.00470572414342314,1.1677947044372559,0.9620720148086548,3810,-4.738598944246769,1.1308962314855306,0.495947265625
1456,200.70724289,40,976.25,56,784384,0.22875462,0.0003,0.3577851951122284,0.2,0.0030335210365592504,1.1622463464736938,0.947493314743042,3820,-4.718491438031196,1.7049465401563793,0.368505859375
1490,194.00422808,41,976.09,56,786432,0.18447858,0.0003,0.06742207705974579,0.2,-0.0035087433585431426,1.163978934288025,0.9369767904281616,3830,-4.709942951798439,2.2474700570106507,0.4291015625
1524,190.63843215,42,976.09,56,788480,1.3731432,0.0003,0.22380557656288147,0.2,-0.014159166840545367,1.1606242656707764,0.8648452162742615,3840,-4.712156528234482,2.980452600447461,0.470947265625
1558,191.51320735000002,43,976.09,56,790528,0.14542297,0.0003,0.07108675688505173,0.2,-0.01119943851372227,1.1649519205093384,0.9557361006736755,3850,-4.70975022315979,1.9404822151642294,0.40908203125
2345,187.29474725000003,44,976.09,38,792576,0.16745065,0.0003,0.1300911009311676,0.2,0.0036955912786652335,1.1762622594833374,0.9611181020736694,3860,-4.731665173172951,1.1650888204108925,0.51513671875
2418,185.97525636000003,45,976.09,38,794624,0.52093303,0.0003,0.07600301504135132,0.2,0.021268637660250535,1.1748909950256348,0.9119971394538879,3870,-4.745151741802692,3.7102629777044056,0.640673828125
2453,183.08069265000003,46,976.09,38,796672,0.25597614,0.0003,0.14906856417655945,0.2,-0.0016091526980744676,1.1720082759857178,0.888411283493042,3880,-4.735845157504082,2.385207650018856,0.51337890625
2485,181.90587132999997,47,976.09,38,798720,0.17172909,0.0003,0.05855802446603775,0.2,0.020881249554804526,1.1667976379394531,0.8888176679611206,3890,-4.730045126378537,2.720236623287201,0.4826171875
2516,176.98999752000003,48,976.09,39,800768,0.29324907,0.0003,0.1798713207244873,0.2,0.020837285715242616,1.1657928228378296,0.9402250647544861,3900,-4.720044240355492,2.104451953014359,0.55400390625
2550,169.56377272,49,976.09,39,802816,0.20014614,0.0003,-0.01943862810730934,0.2,0.015255934239394264,1.1791476011276245,0.955923318862915,3910,-4.741261641681194,0.47505062762647865,0.425048828125
